item_id,description
1,musical animated mystery drama horror animated animated thriller
2,romance crime fantasy romance action crime crime
3,sports modern biography musical musical
4,crime epic comedy sci-fi horror drama classic
5,thriller indie documentary classic romance epic
6,musical drama crime mystery musical comedy indie sports
7,documentary mystery thriller romance fantasy modern thriller documentary
8,crime romance modern thriller indie biography
9,mystery biography historical documentary musical historical classic musical
10,action drama classic action crime mystery animated horror sports
11,comedy action sci-fi modern drama classic drama
12,mystery crime romance action biography
13,comedy crime mystery comedy action comedy sci-fi musical indie
14,action sci-fi indie drama classic musical musical
15,modern historical horror drama sports epic
16,thriller sci-fi drama historical musical animated thriller historical drama
17,horror romance modern historical fantasy crime crime
18,animated drama action action epic historical classic comedy
19,classic sci-fi action horror modern crime musical
20,classic epic sports sports epic crime drama
21,comedy sports sci-fi sports sports sports
22,romance sci-fi action action horror romance
23,crime fantasy thriller animated sports fantasy sci-fi epic romance
24,biography biography action classic fantasy biography comedy
25,thriller horror comedy horror epic drama epic classic
26,mystery drama documentary mystery action
27,documentary modern comedy drama biography biography epic
28,sports romance action biography crime sci-fi sci-fi classic
29,comedy horror biography biography comedy
30,action epic animated sports mystery thriller fantasy mystery
31,comedy biography comedy documentary indie documentary romance comedy
32,classic thriller action thriller action indie biography epic mystery
33,sports action biography crime horror indie fantasy
34,horror mystery romance action musical action sci-fi biography horror
35,comedy sports sports crime indie fantasy comedy classic
36,sports indie comedy action epic action comedy documentary modern
37,comedy mystery indie documentary musical romance
38,modern romance sports mystery action classic animated
39,modern comedy documentary historical drama thriller historical epic action
40,horror musical romance romance horror sports epic modern
41,sci-fi action mystery crime crime sci-fi drama
42,fantasy historical epic musical comedy mystery epic biography
43,documentary modern horror sports horror sci-fi classic crime action
44,action musical romance biography mystery historical
45,action biography drama sci-fi comedy crime biography horror sci-fi
46,indie sci-fi musical sports indie
47,sci-fi crime biography biography drama thriller action sci-fi
48,modern sci-fi thriller romance epic modern
49,horror action sci-fi historical thriller biography
50,sports epic crime documentary comedy action
51,horror animated sci-fi crime comedy
52,action mystery modern animated crime
53,historical crime indie romance horror documentary comedy sports mystery
54,modern romance horror classic drama thriller documentary historical animated
55,thriller thriller modern sci-fi classic comedy sports comedy biography
56,documentary sports drama sci-fi crime sports historical comedy
57,sports sports epic biography historical
58,horror sports thriller crime classic horror crime
59,drama indie epic horror musical
60,sci-fi comedy crime epic thriller biography drama historical modern
61,drama indie sci-fi comedy animated animated
62,musical crime classic modern crime sports
63,fantasy drama indie historical mystery modern classic documentary romance
64,sci-fi fantasy horror mystery biography historical action epic sports
65,historical thriller thriller fantasy horror
66,crime drama modern horror drama comedy historical historical documentary
67,epic mystery classic drama action comedy historical sports
68,action fantasy fantasy crime historical
69,musical biography animated sci-fi thriller comedy horror epic documentary
70,sports indie musical action comedy
71,animated crime modern biography mystery
72,mystery thriller mystery documentary sci-fi classic thriller sports
73,action epic historical biography historical
74,fantasy documentary horror sci-fi musical romance modern
75,historical sci-fi action action documentary musical
76,animated sports historical action romance
77,comedy action biography fantasy sports
78,sci-fi fantasy comedy sci-fi sci-fi modern modern horror sports
79,indie classic indie action horror historical historical thriller action
80,mystery romance mystery drama romance
81,documentary crime action crime sci-fi sports biography
82,indie romance animated horror drama fantasy romance fantasy documentary
83,documentary musical horror romance epic fantasy
84,musical modern horror sports sci-fi
85,thriller modern sports modern sports epic sci-fi romance fantasy
86,romance historical animated animated biography animated horror musical biography
87,biography mystery thriller mystery thriller comedy comedy
88,documentary horror horror sci-fi documentary modern fantasy
89,sci-fi classic crime indie romance
90,indie historical classic musical musical
91,biography sports thriller action mystery sports comedy
92,epic musical musical indie indie romance historical indie horror
93,musical indie animated musical historical documentary fantasy
94,horror musical sci-fi modern drama sports drama
95,crime sports historical epic thriller modern
96,classic historical documentary musical thriller musical romance
97,crime horror modern classic sci-fi
98,romance historical fantasy sci-fi action fantasy fantasy biography
99,animated classic comedy horror mystery sci-fi thriller fantasy
100,epic animated thriller musical fantasy sports
101,romance musical animated mystery horror historical crime
102,fantasy thriller horror epic action epic sports crime musical
103,indie fantasy sci-fi animated thriller
104,animated comedy action fantasy documentary modern sci-fi modern crime
105,historical mystery romance epic action sci-fi
106,sports classic animated musical fantasy
107,sports sci-fi crime documentary indie animated classic
108,crime comedy comedy action mystery mystery
109,classic sci-fi indie comedy sci-fi sci-fi horror
110,indie thriller historical modern documentary mystery mystery
111,fantasy action musical action sports action musical
112,indie mystery mystery horror drama horror
113,drama horror mystery modern epic musical musical
114,action epic drama thriller fantasy action sci-fi action thriller
115,modern sci-fi modern action fantasy historical
116,historical epic musical mystery sci-fi musical thriller crime
117,romance horror horror thriller thriller animated sci-fi epic animated
118,mystery fantasy fantasy mystery musical indie
119,crime historical mystery documentary action musical mystery
120,animated crime crime thriller biography thriller sci-fi sci-fi
121,sports classic horror indie mystery classic
122,action indie sci-fi indie thriller action horror
123,musical classic classic modern epic classic comedy epic animated
124,drama documentary romance sports animated crime
125,horror drama epic fantasy action sports animated
126,documentary sports drama sports epic classic
127,epic mystery sports drama action
128,horror horror sports historical biography mystery horror documentary action
129,musical documentary romance sports documentary fantasy horror
130,action mystery drama comedy modern modern horror indie
131,action documentary drama mystery action comedy
132,mystery musical sci-fi comedy horror action musical
133,comedy indie indie animated biography thriller
134,sci-fi indie biography documentary drama modern drama action
135,horror biography horror thriller documentary romance action musical sci-fi
136,animated modern romance comedy crime epic sci-fi sci-fi
137,romance crime comedy epic crime
138,modern indie sports documentary horror
139,indie classic mystery romance historical
140,drama classic animated indie thriller
141,historical romance sci-fi animated fantasy documentary
142,modern thriller classic fantasy romance sports sci-fi fantasy crime
143,modern fantasy mystery romance crime historical drama modern historical
144,indie romance animated action horror
145,thriller horror animated mystery animated thriller sports drama mystery
146,romance musical sci-fi action thriller musical epic
147,comedy epic animated sports historical animated romance
148,romance classic classic mystery sports
149,animated mystery modern drama comedy
150,documentary sci-fi crime crime horror fantasy romance
151,horror sci-fi crime sports sports modern sports musical
152,biography horror mystery sports sci-fi biography fantasy mystery
153,documentary crime musical classic historical
154,musical modern biography drama sports drama
155,drama classic horror biography mystery documentary documentary epic drama
156,documentary modern drama sports indie comedy crime
157,historical romance comedy sci-fi animated mystery crime drama
158,thriller historical documentary action biography
159,modern crime romance comedy modern romance historical historical documentary
160,drama indie epic sports crime biography crime
161,modern drama epic sci-fi action
162,comedy historical indie documentary thriller
163,sci-fi biography action indie musical classic
164,thriller crime sci-fi sci-fi animated
165,fantasy drama indie animated historical romance drama epic
166,mystery epic horror historical indie modern animated romance
167,classic sports comedy fantasy sci-fi
168,musical sports classic comedy epic sports modern comedy documentary
169,sports comedy comedy fantasy historical musical
170,classic thriller indie sci-fi romance
171,classic comedy classic comedy romance crime modern
172,musical mystery sci-fi animated romance
173,musical fantasy mystery sci-fi biography documentary fantasy sci-fi
174,biography historical sci-fi historical sports documentary mystery historical
175,horror comedy mystery romance mystery historical historical action fantasy
176,biography mystery action biography classic historical animated
177,modern thriller fantasy drama sci-fi animated historical horror modern
178,animated drama documentary thriller romance indie
179,crime drama romance historical indie sports classic sports mystery
180,historical comedy biography fantasy horror drama
181,classic romance musical sci-fi thriller epic
182,documentary thriller sports crime sports modern action documentary
183,indie musical crime thriller comedy epic
184,crime drama animated action fantasy musical musical horror animated
185,romance indie romance thriller sports comedy
186,classic drama musical animated epic romance musical indie epic
187,comedy sports crime musical biography sci-fi epic
188,sci-fi comedy action fantasy musical romance comedy
189,crime documentary musical crime biography
190,mystery indie sports mystery musical indie documentary
191,drama comedy crime comedy epic indie musical indie
192,crime epic thriller classic fantasy
193,romance mystery animated historical sports
194,documentary documentary indie musical fantasy animated historical action fantasy
195,mystery animated horror classic sports
196,indie musical biography epic action modern mystery documentary
197,action romance action action classic historical action historical
198,drama romance fantasy drama indie documentary musical romance
199,crime sports mystery animated comedy fantasy
200,fantasy classic drama classic documentary
201,mystery mystery documentary epic musical drama animated epic
202,fantasy comedy classic modern indie animated documentary crime
203,historical historical horror horror indie thriller historical mystery
204,horror crime documentary fantasy documentary horror sci-fi classic comedy
205,modern horror comedy musical action drama crime sports
206,epic sci-fi thriller crime epic documentary sports horror classic
207,romance thriller romance musical romance thriller fantasy drama
208,horror horror crime comedy historical documentary
209,musical action comedy mystery thriller biography modern crime indie
210,sci-fi sci-fi fantasy historical classic musical
211,epic romance drama fantasy sports
212,romance comedy sci-fi sci-fi action mystery crime
213,historical musical animated modern comedy indie biography modern
214,modern crime classic action sci-fi epic mystery animated crime
215,epic animated sci-fi musical sci-fi
216,sci-fi sports sports crime musical musical fantasy crime
217,epic documentary indie romance classic sci-fi epic
218,action comedy fantasy sci-fi sci-fi action
219,horror indie crime modern epic
220,documentary animated romance documentary drama musical animated documentary crime
221,historical epic biography documentary modern mystery documentary action
222,fantasy sci-fi musical musical romance action animated modern documentary
223,sports mystery musical mystery sports crime
224,mystery indie thriller action action horror biography
225,biography sci-fi classic romance documentary fantasy classic action classic
226,biography historical classic historical classic
227,thriller romance fantasy indie thriller fantasy horror
228,documentary historical classic horror historical animated
229,drama musical action crime drama
230,horror action sports sports comedy crime fantasy animated comedy
231,romance indie classic comedy mystery biography
232,fantasy crime sci-fi romance biography sci-fi
233,thriller musical animated biography fantasy indie documentary crime
234,animated historical animated biography musical musical thriller
235,horror musical thriller historical horror romance indie
236,thriller biography epic indie musical comedy mystery biography modern
237,documentary romance sports historical thriller animated drama crime
238,drama historical drama sports modern modern
239,epic thriller drama action crime historical modern musical
240,historical classic classic musical modern modern mystery
241,sci-fi thriller documentary horror thriller
242,drama modern documentary horror thriller modern action documentary
243,musical sports comedy crime romance action sports biography sci-fi
244,drama animated modern classic indie historical romance
245,drama documentary comedy modern drama classic sports
246,drama indie horror thriller fantasy modern drama
247,indie thriller mystery sci-fi action thriller comedy classic mystery
248,fantasy classic drama thriller historical
249,romance sci-fi crime mystery fantasy
250,comedy crime comedy fantasy romance crime
251,fantasy sports comedy romance epic mystery
252,thriller sci-fi historical musical biography modern biography crime
253,biography crime mystery epic comedy
254,horror mystery sci-fi epic mystery crime action epic fantasy
255,mystery drama action biography crime fantasy
256,romance indie thriller action documentary historical romance classic
257,romance classic action animated comedy epic thriller documentary fantasy
258,animated musical sci-fi epic modern crime musical
259,modern fantasy documentary historical comedy
260,indie fantasy comedy biography drama epic
261,musical comedy romance romance comedy
262,indie epic documentary modern romance action
263,indie action indie biography indie epic comedy comedy
264,fantasy historical romance mystery romance
265,musical thriller historical crime historical indie epic documentary
266,fantasy animated romance horror horror sci-fi horror romance modern
267,romance animated documentary musical classic
268,classic comedy classic indie horror drama biography
269,action thriller thriller drama mystery sports sci-fi drama
270,epic epic thriller fantasy drama documentary sci-fi epic
271,comedy drama indie drama sci-fi sci-fi romance fantasy musical
272,modern drama sci-fi action historical documentary historical documentary sci-fi
273,thriller sports comedy sports animated epic thriller romance epic
274,documentary mystery comedy classic epic fantasy modern modern
275,sports classic sports classic classic action romance biography action
276,documentary mystery animated romance mystery mystery
277,musical sports historical horror sci-fi
278,action sci-fi mystery historical mystery animated action historical
279,comedy sports sci-fi epic mystery indie thriller
280,epic musical horror drama horror horror animated
281,sci-fi sci-fi mystery modern fantasy musical
282,sports mystery mystery classic romance musical documentary comedy
283,thriller thriller indie classic classic
284,documentary modern thriller crime mystery
285,historical biography romance animated modern musical
286,mystery documentary classic mystery indie
287,documentary epic epic crime horror indie sports comedy
288,drama sports crime classic musical documentary
289,historical mystery indie mystery indie drama crime animated animated
290,historical documentary romance musical epic
291,documentary musical horror crime historical animated sci-fi
292,action comedy horror drama crime musical sci-fi musical mystery
293,biography mystery action crime sci-fi comedy
294,thriller mystery comedy modern romance
295,modern indie drama romance classic biography historical
296,epic thriller modern crime sports
297,romance epic animated biography horror
298,sci-fi thriller musical thriller epic modern comedy
299,sci-fi fantasy mystery drama modern fantasy
300,historical epic sports drama thriller indie comedy sci-fi
301,epic thriller romance documentary horror horror
302,indie horror historical crime fantasy
303,thriller horror biography historical thriller sports action documentary epic
304,musical animated historical action sports
305,epic biography musical musical fantasy musical indie animated
306,biography sci-fi epic modern documentary
307,historical animated sports historical fantasy sports historical
308,horror modern comedy indie horror sci-fi sci-fi
309,sports modern sci-fi thriller fantasy thriller drama drama
310,comedy action thriller fantasy classic indie
311,crime epic thriller crime modern drama comedy indie
312,biography biography modern historical fantasy crime
313,historical thriller animated epic documentary
314,animated thriller documentary action drama fantasy
315,animated epic musical biography drama modern
316,crime indie sci-fi documentary sci-fi comedy
317,sci-fi sports horror horror crime classic
318,documentary thriller modern drama action
319,romance animated classic drama sports
320,romance fantasy indie fantasy romance
321,modern sci-fi romance biography romance
322,romance biography biography horror drama crime
323,modern comedy horror sports drama epic thriller indie
324,musical mystery musical epic indie classic mystery sports
325,comedy mystery crime action modern epic
326,fantasy drama epic documentary animated horror sci-fi
327,animated crime modern mystery classic thriller sci-fi
328,mystery classic musical musical biography indie mystery documentary modern
329,epic fantasy crime romance drama biography comedy historical
330,documentary animated mystery fantasy action action mystery
331,biography animated sci-fi thriller fantasy indie horror classic crime
332,indie biography action historical historical romance thriller
333,fantasy sci-fi comedy action thriller epic romance sci-fi
334,classic epic fantasy documentary fantasy horror crime
335,animated romance musical crime crime
336,romance comedy crime biography action
337,comedy epic romance classic horror musical documentary animated biography
338,sci-fi crime animated musical comedy
339,epic biography romance romance comedy
340,musical drama fantasy classic epic action mystery comedy
341,musical fantasy musical comedy indie epic indie thriller
342,sports drama classic comedy historical musical documentary horror
343,fantasy romance indie fantasy indie
344,mystery comedy horror indie epic sports mystery indie
345,fantasy biography horror indie horror comedy
346,horror classic epic historical drama indie
347,horror musical epic indie fantasy
348,thriller mystery sports classic action epic indie animated comedy
349,indie classic thriller thriller mystery
350,classic indie classic biography sports biography
351,comedy animated indie documentary sci-fi biography epic sci-fi
352,crime action classic classic thriller comedy sports
353,action mystery historical musical mystery crime
354,indie musical musical classic horror epic mystery horror
355,horror thriller drama thriller crime historical comedy crime
356,romance classic action mystery fantasy fantasy
357,documentary sports crime fantasy mystery
358,modern action historical sports comedy mystery indie
359,biography historical epic sports historical fantasy sports
360,mystery animated epic action drama
361,sports modern animated classic classic sci-fi sports classic sports
362,horror drama classic drama historical animated indie horror animated
363,indie historical action mystery crime horror crime mystery mystery
364,historical crime biography action historical drama sci-fi mystery indie
365,musical sports musical epic documentary documentary romance thriller action
366,documentary sci-fi horror musical mystery epic sports action
367,horror musical classic drama romance classic modern romance
368,animated historical modern indie documentary horror classic
369,drama comedy epic fantasy romance
370,fantasy comedy biography mystery romance sports classic crime comedy
371,action historical musical sci-fi sports fantasy animated
372,thriller comedy historical classic fantasy crime
373,comedy comedy crime musical classic mystery
374,biography thriller action drama romance sci-fi drama
375,sci-fi action action musical epic horror modern documentary
376,comedy animated musical animated sports sports fantasy sci-fi
377,biography epic crime fantasy action thriller
378,historical documentary sci-fi comedy animated
379,thriller indie animated modern horror documentary fantasy musical modern
380,sci-fi modern sci-fi comedy fantasy thriller documentary classic sports
381,historical musical epic sports historical biography thriller sci-fi sci-fi
382,sports historical romance historical horror
383,modern romance historical horror sports indie crime
384,crime animated drama thriller horror action comedy historical musical
385,animated thriller horror sports comedy documentary
386,horror sci-fi drama mystery sci-fi
387,sci-fi thriller horror romance animated
388,musical crime animated drama sci-fi sports epic classic indie
389,crime fantasy sports horror horror biography
390,crime epic fantasy thriller fantasy animated action musical
391,animated horror documentary sports horror indie documentary
392,horror musical musical thriller drama historical comedy biography
393,mystery epic historical sports sports
394,action mystery horror fantasy comedy
395,sci-fi historical musical indie biography documentary animated
396,modern modern biography crime romance classic comedy
397,musical comedy horror documentary mystery
398,sports mystery drama drama comedy action
399,sci-fi action musical sci-fi historical mystery mystery sci-fi
400,classic action thriller comedy romance mystery classic romance
401,fantasy animated comedy mystery comedy indie historical historical
402,historical horror fantasy biography romance mystery
403,romance modern biography fantasy romance
404,historical musical romance drama comedy mystery
405,drama drama action sports classic historical horror
406,horror sports modern modern thriller mystery epic epic documentary
407,indie epic musical thriller historical mystery
408,crime indie romance documentary romance animated
409,crime sports musical sports documentary
410,documentary mystery classic fantasy sci-fi
411,animated action animated horror classic romance crime thriller
412,documentary musical horror historical horror sports fantasy biography
413,horror sci-fi sports action modern musical animated historical
414,action crime animated sports thriller musical classic epic horror
415,crime sci-fi modern sports sci-fi biography drama
416,classic comedy musical biography documentary indie comedy crime
417,drama classic historical documentary sci-fi
418,thriller romance biography classic classic fantasy animated action thriller
419,historical historical romance classic mystery drama thriller documentary comedy
420,fantasy crime crime mystery action thriller animated comedy
421,sports modern crime musical modern indie historical sci-fi fantasy
422,sports thriller indie modern comedy comedy
423,crime epic animated thriller fantasy
424,epic biography musical sports mystery
425,crime modern musical classic romance sci-fi fantasy drama
426,action drama epic crime biography biography animated thriller historical
427,musical horror classic animated mystery action mystery historical
428,thriller mystery comedy classic romance romance historical
429,crime thriller mystery classic sci-fi epic documentary animated
430,classic sports crime drama modern modern historical horror
431,historical mystery mystery thriller musical animated animated
432,sports musical epic fantasy musical
433,indie documentary sports documentary sci-fi
434,epic classic animated action documentary fantasy romance musical
435,indie sci-fi fantasy fantasy documentary indie modern indie historical
436,fantasy mystery crime historical animated crime action
437,biography animated historical documentary animated
438,crime fantasy classic biography thriller comedy biography crime
439,sci-fi documentary horror fantasy documentary fantasy thriller
440,horror romance sports animated animated biography romance romance
441,modern mystery thriller musical action animated drama sports epic
442,crime classic sci-fi modern thriller sci-fi
443,modern animated modern mystery romance mystery biography sci-fi
444,comedy crime historical historical modern thriller classic
445,romance horror action drama sports comedy epic
446,comedy comedy sports drama indie sports documentary historical
447,epic documentary thriller action documentary action historical epic
448,modern animated classic classic sci-fi action sports romance
449,classic thriller sci-fi animated horror comedy crime horror horror
450,drama musical drama mystery sci-fi indie thriller modern epic
451,epic historical mystery classic biography horror
452,indie thriller musical comedy sci-fi action comedy musical
453,mystery thriller romance modern thriller comedy romance
454,sports epic historical sci-fi classic
455,fantasy sci-fi modern mystery drama
456,epic comedy horror musical thriller crime fantasy horror thriller
457,sci-fi historical documentary sci-fi biography
458,horror indie biography musical thriller drama biography
459,mystery sports biography modern modern romance classic sports animated
460,sports thriller biography epic musical sci-fi
461,action horror thriller sports classic
462,mystery musical drama fantasy action musical
463,drama sports romance classic classic historical
464,epic comedy sports sports crime biography musical historical
465,sports comedy musical thriller thriller
466,sports horror animated epic comedy mystery
467,action indie romance thriller horror fantasy
468,action sports mystery horror action
469,biography fantasy mystery historical biography comedy horror crime biography
470,animated modern epic thriller crime romance horror
471,sci-fi mystery drama indie comedy
472,biography horror horror documentary epic biography
473,action sports crime animated sci-fi crime sports fantasy
474,sci-fi indie sci-fi action documentary
475,horror sci-fi romance musical drama
476,action historical epic drama musical indie horror epic
477,documentary modern classic mystery modern sports romance fantasy sci-fi
478,classic sci-fi documentary epic classic sports sports crime
479,comedy modern romance comedy biography romance modern
480,animated drama musical fantasy epic classic
481,crime horror epic comedy musical romance romance comedy
482,modern classic action biography fantasy classic thriller
483,romance thriller action horror modern musical horror
484,thriller romance historical action sports historical thriller drama sports
485,thriller horror action modern thriller
486,historical indie modern fantasy biography
487,modern documentary documentary comedy epic
488,musical musical thriller classic horror sports animated
489,classic modern documentary epic historical
490,musical epic musical action indie
491,animated biography romance mystery animated documentary comedy action animated
492,biography modern documentary fantasy horror thriller
493,historical indie comedy modern fantasy action indie
494,indie modern sports classic fantasy animated drama
495,action sci-fi classic documentary romance
496,animated fantasy mystery thriller documentary animated sci-fi musical documentary
497,animated historical thriller drama animated thriller
498,musical action comedy indie fantasy documentary action fantasy
499,biography sci-fi sports modern documentary drama comedy historical musical
500,horror comedy thriller sci-fi action thriller crime modern
